{
    "accuracy": 0.8344797307185716,
    "precision": 0.6911655530809205,
    "recall": 0.5656136087484812,
    "f1": 0.6221182759772803
}