{
    "accuracy": 0.8315527586711547,
    "precision": 0.7064220183486238,
    "recall": 0.5145808019441069,
    "f1": 0.5954305799648506
}