{
    "accuracy": 0.8303819698521879,
    "precision": 0.7017398508699254,
    "recall": 0.5145808019441069,
    "f1": 0.5937609533824045
}