{
    "accuracy": 0.8328698960924923,
    "precision": 0.6728395061728395,
    "recall": 0.5959902794653706,
    "f1": 0.6320876288659794
}