{
    "accuracy": 0.8308210156593004,
    "precision": 0.7021452145214522,
    "recall": 0.517010935601458,
    "f1": 0.595521343596921
}