{
    "accuracy": 0.8315527586711547,
    "precision": 0.7057356608478803,
    "recall": 0.5157958687727825,
    "f1": 0.5959985959985961
}