{
    "accuracy": 0.8321381530806381,
    "precision": 0.70843776106934,
    "recall": 0.5151883353584447,
    "f1": 0.5965529370383397
}