{
    "accuracy": 0.831260061466413,
    "precision": 0.7052456286427977,
    "recall": 0.5145808019441069,
    "f1": 0.5950122936424307
}