{
    "accuracy": 0.831260061466413,
    "precision": 0.7049044056525353,
    "recall": 0.5151883353584447,
    "f1": 0.5952965952965953
}